<application>
  <component name="TemplateSettings">
    <option name="deletedKeys">
      <list>
        <TemplateKey>
          <option name="groupName" value="Shell Script Hidden" />
          <option name="key" value="shell_if" />
        </TemplateKey>
        <TemplateKey>
          <option name="groupName" value="Shell Script Hidden" />
          <option name="key" value="shell_elif" />
        </TemplateKey>
        <TemplateKey>
          <option name="groupName" value="Shell Script Hidden" />
          <option name="key" value="shell_select" />
        </TemplateKey>
        <TemplateKey>
          <option name="groupName" value="Shell Script Hidden" />
          <option name="key" value="shell_case" />
        </TemplateKey>
        <TemplateKey>
          <option name="groupName" value="Shell Script Hidden" />
          <option name="key" value="shell_for" />
        </TemplateKey>
        <TemplateKey>
          <option name="groupName" value="Shell Script Hidden" />
          <option name="key" value="shell_while" />
        </TemplateKey>
        <TemplateKey>
          <option name="groupName" value="Shell Script Hidden" />
          <option name="key" value="shell_until" />
        </TemplateKey>
        <TemplateKey>
          <option name="groupName" value="Shell Script Hidden" />
          <option name="key" value="shell_function" />
        </TemplateKey>
        <TemplateKey>
          <option name="groupName" value="Shell Script Hidden" />
          <option name="key" value="shell_string equal" />
        </TemplateKey>
        <TemplateKey>
          <option name="groupName" value="Shell Script Hidden" />
          <option name="key" value="shell_string not equal" />
        </TemplateKey>
        <TemplateKey>
          <option name="groupName" value="Shell Script Hidden" />
          <option name="key" value="shell_string is empty" />
        </TemplateKey>
        <TemplateKey>
          <option name="groupName" value="Shell Script Hidden" />
          <option name="key" value="shell_string not empty" />
        </TemplateKey>
        <TemplateKey>
          <option name="groupName" value="Shell Script Hidden" />
          <option name="key" value="shell_number equal" />
        </TemplateKey>
        <TemplateKey>
          <option name="groupName" value="Shell Script Hidden" />
          <option name="key" value="shell_number not equal" />
        </TemplateKey>
        <TemplateKey>
          <option name="groupName" value="Shell Script Hidden" />
          <option name="key" value="shell_number less" />
        </TemplateKey>
        <TemplateKey>
          <option name="groupName" value="Shell Script Hidden" />
          <option name="key" value="shell_number less or equal" />
        </TemplateKey>
        <TemplateKey>
          <option name="groupName" value="Shell Script Hidden" />
          <option name="key" value="shell_number greater" />
        </TemplateKey>
        <TemplateKey>
          <option name="groupName" value="Shell Script Hidden" />
          <option name="key" value="shell_number greater or equal" />
        </TemplateKey>
        <TemplateKey>
          <option name="groupName" value="Shell Script Hidden" />
          <option name="key" value="shell_file exists" />
        </TemplateKey>
        <TemplateKey>
          <option name="groupName" value="Shell Script Hidden" />
          <option name="key" value="shell_file not empty" />
        </TemplateKey>
        <TemplateKey>
          <option name="groupName" value="Shell Script Hidden" />
          <option name="key" value="shell_file readable" />
        </TemplateKey>
        <TemplateKey>
          <option name="groupName" value="Shell Script Hidden" />
          <option name="key" value="shell_file writable" />
        </TemplateKey>
        <TemplateKey>
          <option name="groupName" value="Shell Script Hidden" />
          <option name="key" value="shell_file executable" />
        </TemplateKey>
        <TemplateKey>
          <option name="groupName" value="Shell Script Hidden" />
          <option name="key" value="shell_file equals" />
        </TemplateKey>
        <TemplateKey>
          <option name="groupName" value="Shell Script Hidden" />
          <option name="key" value="shell_file newer" />
        </TemplateKey>
        <TemplateKey>
          <option name="groupName" value="Shell Script Hidden" />
          <option name="key" value="shell_file older" />
        </TemplateKey>
        <TemplateKey>
          <option name="groupName" value="Shell Script Hidden" />
          <option name="key" value="shell_path exists" />
        </TemplateKey>
        <TemplateKey>
          <option name="groupName" value="Shell Script Hidden" />
          <option name="key" value="shell_directory exists" />
        </TemplateKey>
        <TemplateKey>
          <option name="groupName" value="Shell Script Hidden" />
          <option name="key" value="shell_command exists" />
        </TemplateKey>
        <TemplateKey>
          <option name="groupName" value="Angular" />
          <option name="key" value="a-class" />
        </TemplateKey>
        <TemplateKey>
          <option name="groupName" value="Angular" />
          <option name="key" value="a-ngFor" />
        </TemplateKey>
        <TemplateKey>
          <option name="groupName" value="Angular" />
          <option name="key" value="a-ngForAsync" />
        </TemplateKey>
        <TemplateKey>
          <option name="groupName" value="Angular" />
          <option name="key" value="a-formControlName" />
        </TemplateKey>
        <TemplateKey>
          <option name="groupName" value="Angular" />
          <option name="key" value="a-formGroup" />
        </TemplateKey>
        <TemplateKey>
          <option name="groupName" value="Angular" />
          <option name="key" value="a-formGroupName" />
        </TemplateKey>
        <TemplateKey>
          <option name="groupName" value="Angular" />
          <option name="key" value="a-ngIf" />
        </TemplateKey>
        <TemplateKey>
          <option name="groupName" value="Angular" />
          <option name="key" value="a-ngSwitch" />
        </TemplateKey>
        <TemplateKey>
          <option name="groupName" value="Angular" />
          <option name="key" value="a-component" />
        </TemplateKey>
        <TemplateKey>
          <option name="groupName" value="Angular" />
          <option name="key" value="a-component-inline" />
        </TemplateKey>
        <TemplateKey>
          <option name="groupName" value="Angular" />
          <option name="key" value="a-directive" />
        </TemplateKey>
        <TemplateKey>
          <option name="groupName" value="Angular" />
          <option name="key" value="a-module" />
        </TemplateKey>
        <TemplateKey>
          <option name="groupName" value="Angular" />
          <option name="key" value="a-module-with-routing" />
        </TemplateKey>
        <TemplateKey>
          <option name="groupName" value="Angular" />
          <option name="key" value="a-pipe" />
        </TemplateKey>
        <TemplateKey>
          <option name="groupName" value="Angular" />
          <option name="key" value="a-service" />
        </TemplateKey>
        <TemplateKey>
          <option name="groupName" value="Angular" />
          <option name="key" value="a-output-event" />
        </TemplateKey>
      </list>
    </option>
  </component>
</application>